"year","country","eci"
2011,"AGO",-1.53394098084
2011,"ALB",-0.33006467288
2011,"ARE",0.166289697369
2011,"ARG",0.362830514667
2011,"ARM",0.580455597337
2011,"AUS",0.125223144716
2011,"AUT",1.72242223925
2011,"AZE",-0.681886892959
2011,"BFA",-1.4742009859
2011,"BGD",-1.37778047264
2011,"BGR",0.616007655295
2011,"BHR",0.274020855387
2011,"BIH",0.476457415245
2011,"BLR",0.979207774375
2011,"BOL",-0.554332821495
2011,"BRA",0.450501401513
2011,"CAN",0.898468006008
2011,"CHL",0.0196926405992
2011,"CHN",0.893581829343
2011,"CIV",-0.799254645222
2011,"CMR",-0.410107227408
2011,"COG",-0.864031555508
2011,"COL",0.102659594743
2011,"CRI",0.149684817909
2011,"CUB",-0.0388190409622
2011,"CZE",1.71726220065
2011,"DEU",1.98112443286
2011,"DNK",1.2977764356
2011,"DOM",-0.297962583977
2011,"DZA",-1.29680861451
2011,"ECU",-0.660097143979
2011,"EGY",-0.171478291985
2011,"ESP",0.952510725772
2011,"EST",0.953915190972
2011,"ETH",-1.26369496432
2011,"FIN",1.84527861996
2011,"GAB",-0.695078751251
2011,"GBR",1.79157965653
2011,"GEO",-0.0773368710075
2011,"GHA",-0.805326219753
2011,"GIN",1.04570863841
2011,"GRC",0.236269414717
2011,"GTM",-0.312526224816
2011,"HKG",0.64659153034
2011,"HND",-0.731133299383
2011,"HRV",1.00287446699
2011,"HUN",1.47192905891
2011,"IDN",-0.289966542101
2011,"IRL",1.6031588555
2011,"IRN",-0.382140376087
2011,"IRQ",-2.23106549595
2011,"ISR",1.45674691067
2011,"JAM",-0.323894074165
2011,"JOR",0.220377847486
2011,"JPN",2.3312485548
2011,"KAZ",-0.20094154403
2011,"KEN",-0.464187059986
2011,"KGZ",-0.48658444076
2011,"KHM",-1.23983212514
2011,"KOR",1.74860567453
2011,"KWT",-0.688184397105
2011,"LAO",-1.3185434641
2011,"LBN",0.264732938223
2011,"LBY",-1.30971097455
2011,"LKA",-0.618596835541
2011,"LTU",0.807656783362
2011,"LVA",0.801200844245
2011,"MAR",-0.665896130926
2011,"MDA",-0.0143411557293
2011,"MDG",-1.07204939326
2011,"MEX",0.916824789385
2011,"MKD",-0.0698345037064
2011,"MMR",-1.41974668973
2011,"MNG",-0.878750197332
2011,"MOZ",-1.15585301467
2011,"MRT",-1.59217735624
2011,"MUS",-0.121929181502
2011,"MWI",-0.688236231519
2011,"MYS",0.968661217477
2011,"NER",-0.947510400978
2011,"NGA",-1.32451760359
2011,"NIC",-0.86963088827
2011,"NLD",1.22029191607
2011,"NZL",0.497474077151
2011,"OMN",-0.177713963114
2011,"PAK",-0.634016006653
2011,"PAN",0.655664414367
2011,"PER",-0.314947682992
2011,"PHL",0.167047169223
2011,"PNG",-1.18354291516
2011,"POL",1.21808144315
2011,"PRK",0.0881985012356
2011,"PRT",0.59202845765
2011,"PRY",-0.440494183742
2011,"QAT",-0.391969788564
2011,"RUS",0.787334044966
2011,"SAU",0.0449148687371
2011,"SDN",-2.23657398364
2011,"SEN",-0.565388332987
2011,"SGP",1.73879549079
2011,"SLV",-0.0856451340442
2011,"SRB",0.571220460692
2011,"SVK",1.37286712963
2011,"SVN",1.63571998168
2011,"SWE",1.98291840517
2011,"SYR",-0.546836487871
2011,"TCD",-2.13530172297
2011,"TGO",-0.809236585232
2011,"THA",0.688337334571
2011,"TKM",-1.45605588238
2011,"TTO",-0.071850010484
2011,"TUN",0.0536435867846
2011,"TUR",0.492491794235
2011,"TZA",-0.76117756161
2011,"UGA",-0.465831938179
2011,"UKR",0.787845285377
2011,"URY",0.327270774677
2011,"USA",1.78529998685
2011,"UZB",-0.667397322766
2011,"VEN",-0.243341977248
2011,"VNM",-0.378120232624
2011,"YEM",-0.987554671881
2011,"ZMB",-0.526262581591
2011,"ZWE",-0.757741780857
2010,"AGO",-1.87123733163
2010,"ALB",-0.496924629712
2010,"ARE",0.288501045386
2010,"ARG",0.187374710122
2010,"AUS",-0.252812919394
2010,"AUT",1.67758005085
2010,"AZE",-0.870441256511
2010,"BEL",1.19812928203
2010,"BGD",-1.0757796959
2010,"BGR",0.584884214618
2010,"BHR",0.285502200913
2010,"BIH",0.56568968745
2010,"BLR",0.677002391536
2010,"BOL",-0.655130281465
2010,"BRA",0.378167081667
2010,"BWA",0.170550108274
2010,"CAN",0.760435949297
2010,"CHE",1.87027630295
2010,"CHL",-0.129350452047
2010,"CHN",0.81425078094
2010,"CIV",-1.34273604437
2010,"CMR",-1.79591947177
2010,"COG",-1.76359990725
2010,"COL",0.117540332894
2010,"CRI",0.123126391027
2010,"CUB",-0.252382382503
2010,"CZE",1.62205453343
2010,"DEU",1.85330409099
2010,"DNK",1.27930472018
2010,"DOM",-0.276047308369
2010,"DZA",-0.672027222609
2010,"ECU",-0.634284401222
2010,"EGY",-0.0887996952394
2010,"ESP",1.04349703165
2010,"EST",0.780741267896
2010,"ETH",-1.37949737036
2010,"FIN",1.66220155222
2010,"FRA",1.49481993832
2010,"GAB",-1.34423881982
2010,"GBR",1.56977506701
2010,"GEO",-0.329881689311
2010,"GHA",-1.15460964262
2010,"GIN",-1.82875295654
2010,"GRC",0.297461726361
2010,"GTM",-0.369728725731
2010,"HKG",0.589845585578
2010,"HND",-0.626740768834
2010,"HRV",0.890772903127
2010,"HUN",1.37645692216
2010,"IDN",-0.171946183938
2010,"IND",0.178894433561
2010,"IRL",1.34713692685
2010,"IRN",-0.698233646817
2010,"IRQ",-2.51055473859
2010,"ISR",1.20075911638
2010,"ITA",1.34043502535
2010,"JOR",0.350903543518
2010,"JPN",2.10229344613
2010,"KAZ",-0.550470190311
2010,"KEN",-0.470010845072
2010,"KGZ",-0.511496742028
2010,"KHM",-1.01553061632
2010,"KOR",1.64065546178
2010,"KWT",-0.0745178980185
2010,"LAO",-0.891555516125
2010,"LBN",0.327161854738
2010,"LBY",-1.20777640171
2010,"LKA",-0.46658453729
2010,"LTU",0.642871975475
2010,"LVA",0.652095049576
2010,"MAR",-0.495105399075
2010,"MDA",0.0408616950526
2010,"MDG",-0.989041116915
2010,"MEX",0.97465591156
2010,"MKD",-0.0134035403189
2010,"MMR",-1.23840444916
2010,"MNG",-1.12073848079
2010,"MOZ",-1.33935342183
2010,"MRT",-1.62821833718
2010,"MUS",-0.297636403396
2010,"MYS",0.681478203307
2010,"NAM",-0.861698918002
2010,"NGA",-2.38460290039
2010,"NIC",-0.951469262552
2010,"NLD",1.04910829956
2010,"NOR",0.706347802455
2010,"NZL",0.256665402575
2010,"OMN",-0.199691969543
2010,"PAK",-0.597155126205
2010,"PAN",0.461146803644
2010,"PER",-0.516998733353
2010,"PHL",0.245346467989
2010,"PNG",-1.4474160438
2010,"POL",1.1174409916
2010,"PRK",0.455979322168
2010,"PRT",0.67584788934
2010,"PRY",-0.419531285835
2010,"QAT",-0.172932808218
2010,"ROU",0.7295109813
2010,"RUS",0.362985864282
2010,"SAU",0.00113060662923
2010,"SDN",-1.66598836699
2010,"SEN",-0.944605067547
2010,"SGP",1.57773413502
2010,"SLV",0.00154048176347
2010,"SRB",0.656775197519
2010,"SVK",1.35784079789
2010,"SVN",1.3811777743
2010,"SWE",1.68883371727
2010,"SYR",-0.2536914995
2010,"THA",0.770572695743
2010,"TKM",-0.618194102772
2010,"TTO",-0.405240843299
2010,"TUN",0.197863946969
2010,"TUR",0.48240411069
2010,"TZA",-1.01332620006
2010,"UKR",0.677274514247
2010,"URY",0.235204864194
2010,"USA",1.51659880632
2010,"UZB",-0.290408586833
2010,"VEN",-0.478953468383
2010,"VNM",-0.296821079628
2010,"YEM",-1.42616584866
2010,"ZAF",0.246144703469
2010,"ZMB",-0.686542070649
2010,"ZWE",-0.508176551925
2009,"AFG",0.764117264138
2009,"AGO",-1.77293063393
2009,"ALB",0.564682189892
2009,"ARE",0.165796519914
2009,"ARG",0.107103380308
2009,"AUS",-0.407100387372
2009,"AUT",1.72873828856
2009,"AZE",-1.29230663341
2009,"BEL",1.20746421458
2009,"BGD",-1.06679513241
2009,"BGR",0.353831282837
2009,"BIH",0.569635949395
2009,"BLR",0.736654468663
2009,"BOL",-0.777717178215
2009,"BRA",0.245331432574
2009,"BWA",0.492574398076
2009,"CAN",0.806725212526
2009,"CHE",1.8907598355
2009,"CHL",-0.20660123387
2009,"CHN",0.762047923988
2009,"CIV",-1.45135272396
2009,"CMR",-1.41278104678
2009,"COG",-1.71260410343
2009,"COL",0.281574967206
2009,"CRI",0.0669498385406
2009,"CUB",-0.208644576325
2009,"CZE",1.55380605172
2009,"DEU",1.8577375512
2009,"DNK",1.29636439756
2009,"DOM",-0.31501549282
2009,"DZA",-0.779444445617
2009,"ECU",-0.874593849
2009,"EGY",-0.138510324958
2009,"ESP",0.969969398038
2009,"EST",0.6433076717
2009,"ETH",-1.23045067535
2009,"FIN",1.72241687961
2009,"FRA",1.48649030229
2009,"GAB",-1.13450104668
2009,"GBR",1.62506839626
2009,"GEO",-0.262447962583
2009,"GHA",-1.22394452816
2009,"GRC",0.267714375224
2009,"GTM",-0.285452357897
2009,"HKG",0.422178095878
2009,"HND",-0.641523466238
2009,"HRV",0.846424331576
2009,"HUN",1.39546246135
2009,"IDN",-0.181814210739
2009,"IND",0.205177552207
2009,"IRL",1.39667296269
2009,"IRN",-1.01121609047
2009,"IRQ",-1.7036693985
2009,"ISR",1.09029815491
2009,"ITA",1.2944736605
2009,"JAM",-0.113445880779
2009,"JOR",0.216507886507
2009,"JPN",2.05808458626
2009,"KAZ",-0.450924115767
2009,"KEN",-0.32709683082
2009,"KHM",-1.14899176665
2009,"KOR",1.56495666461
2009,"KWT",-0.45427132563
2009,"LAO",-0.965897852107
2009,"LBN",0.313096637424
2009,"LBR",-0.774030702519
2009,"LBY",-1.19184938567
2009,"LKA",-0.514551055208
2009,"LTU",0.530485344563
2009,"LVA",0.705588856193
2009,"MAR",-0.487263148259
2009,"MDA",-0.00129658811904
2009,"MDG",-1.11169761534
2009,"MEX",0.936415550679
2009,"MKD",-0.140256766006
2009,"MMR",-1.35149893219
2009,"MNG",-0.709640198586
2009,"MOZ",-1.40303109939
2009,"MRT",-1.83818709197
2009,"MUS",-0.211622747206
2009,"MYS",0.569709320617
2009,"NAM",-0.572168105787
2009,"NGA",-2.29414267031
2009,"NIC",-0.871142411952
2009,"NLD",1.11008291172
2009,"NOR",0.735544940819
2009,"NZL",0.21397273695
2009,"OMN",-0.220397603135
2009,"PAK",-0.538252006795
2009,"PAN",0.270074984687
2009,"PER",-0.659848714402
2009,"PHL",0.0930816576814
2009,"PNG",-1.56915259852
2009,"POL",1.01729377392
2009,"PRK",0.69556389646
2009,"PRT",0.598528616298
2009,"PRY",-0.552009123625
2009,"QAT",-0.190591708746
2009,"ROU",0.62623651918
2009,"RUS",0.273983690723
2009,"SAU",0.137277230134
2009,"SDN",-1.95020117983
2009,"SGP",1.60739654595
2009,"SLV",-0.083741652864
2009,"SRB",0.694279389911
2009,"SVK",1.33732903226
2009,"SVN",1.43788966786
2009,"SWE",1.74779245466
2009,"SYR",-0.524163718587
2009,"THA",0.693710590875
2009,"TKM",-0.745445363839
2009,"TTO",-0.373063678564
2009,"TUN",0.161309692778
2009,"TUR",0.374195390957
2009,"TZA",-1.02651329467
2009,"UKR",0.580006288085
2009,"URY",0.127116001307
2009,"USA",1.49461407233
2009,"UZB",-0.383364878708
2009,"VEN",-0.277160786391
2009,"VNM",-0.385632997567
2009,"YEM",-1.43672102133
2009,"ZAF",0.288607857933
2009,"ZMB",-0.985367778808
2008,"AGO",-1.805297
2008,"ALB",0.0625361
2008,"ARE",-0.1332287
2008,"ARG",0.0797291
2008,"AUS",-0.3504386
2008,"AUT",1.8356
2008,"AZE",-1.278098
2008,"BEL",1.0917
2008,"BGD",-0.9437981
2008,"BGR",0.5791108
2008,"BIH",0.5868907
2008,"BLR",1.1241
2008,"BOL",-0.9357182
2008,"BRA",0.229891
2008,"BWA",-0.6642584
2008,"CAN",0.5659508
2008,"CHE",1.9709
2008,"CHL",-0.3514286
2008,"CHN",0.8922805
2008,"CIV",-0.9159682
2008,"CMR",-1.453798
2008,"COG",-1.768698
2008,"COL",0.179321
2008,"CRI",0.256631
2008,"CUB",-0.4679685
2008,"CZE",1.6514
2008,"DEU",2.0125
2008,"DNK",1.2777
2008,"DOM",-0.0928668
2008,"DZA",-1.242498
2008,"ECU",-0.6654984
2008,"EGY",-0.0464688
2008,"ESP",0.9335905
2008,"EST",0.7882406
2008,"ETH",-0.9364182
2008,"FIN",1.7431
2008,"FRA",1.493
2008,"GAB",-1.409598
2008,"GBR",1.584
2008,"GEO",-0.3015686
2008,"GHA",-0.9194981
2008,"GIN",-1.501798
2008,"GRC",0.194861
2008,"GTM",-0.1317787
2008,"HKG",1.0277
2008,"HND",-0.5585985
2008,"HRV",0.9906605
2008,"HUN",1.4502
2008,"IDN",-0.0322018
2008,"IND",0.230391
2008,"IRL",1.2459
2008,"IRN",-1.277998
2008,"ISR",1.1731
2008,"ITA",1.3208
2008,"JAM",-0.3823086
2008,"JOR",0.305741
2008,"JPN",2.3661
2008,"KAZ",-0.6442184
2008,"KEN",-0.3087186
2008,"KGZ",-0.2689486
2008,"KHM",-0.7399983
2008,"KOR",1.4915
2008,"KWT",-1.214898
2008,"LAO",-0.9338781
2008,"LBN",0.3861409
2008,"LBR",-1.169398
2008,"LBY",-1.332498
2008,"LKA",-0.3020286
2008,"LTU",0.6762407
2008,"LVA",0.5836007
2008,"MAR",-0.4424485
2008,"MDA",0.243531
2008,"MDG",-0.6353384
2008,"MEX",1.1561
2008,"MKD",-0.0489198
2008,"MLI",-1.143398
2008,"MNG",-1.223798
2008,"MOZ",-1.129298
2008,"MRT",-1.960798
2008,"MUS",-0.3452986
2008,"MWI",-1.071798
2008,"MYS",0.7595006
2008,"NAM",-0.3047086
2008,"NGA",-1.449098
2008,"NIC",-0.7106183
2008,"NLD",1.0485
2008,"NOR",0.7827406
2008,"NZL",0.269411
2008,"OMN",-0.6395784
2008,"PAK",-0.4363886
2008,"PAN",0.8294906
2008,"PER",-0.6246184
2008,"PHL",0.0063412
2008,"PNG",-1.639798
2008,"POL",1.025501
2008,"PRT",0.6881307
2008,"PRY",-0.5151384
2008,"QAT",-0.4514385
2008,"ROU",0.9349405
2008,"RUS",0.3141809
2008,"SAU",-0.2139987
2008,"SDN",-1.811398
2008,"SEN",-0.3146486
2008,"SGP",1.6732
2008,"SLV",0.0005425
2008,"SRB",0.6348307
2008,"SVK",1.3929
2008,"SVN",1.5428
2008,"SWE",1.8912
2008,"SYR",-0.3235486
2008,"THA",0.8136506
2008,"TJK",-1.105598
2008,"TKM",-1.256798
2008,"TTO",-0.3354186
2008,"TUN",0.273881
2008,"TUR",0.4190609
2008,"TZA",-0.6783583
2008,"UGA",-0.5278285
2008,"UKR",0.5503308
2008,"URY",0.0846501
2008,"USA",1.4671
2008,"UZB",-0.7016183
2008,"VEN",-1.141998
2008,"VNM",-0.2108787
2008,"YEM",-1.079798
2008,"ZAF",0.1094211
2008,"ZMB",-0.9782382
2008,"ZWE",-0.3580586
2007,"AGO",-1.694896
2007,"ALB",-0.2864695
2007,"ARE",-0.3305494
2007,"ARG",0.0406665
2007,"AUS",-0.2542296
2007,"AUT",1.853194
2007,"AZE",-0.8135681
2007,"BEL",1.172596
2007,"BGD",-0.7785182
2007,"BGR",0.5661681
2007,"BIH",0.6391179
2007,"BLR",1.124097
2007,"BOL",-0.9216578
2007,"BRA",0.5225182
2007,"BWA",-0.7092984
2007,"CAN",0.6399079
2007,"CHE",1.981594
2007,"CHL",-0.1769799
2007,"CHN",0.7915675
2007,"CIV",-0.9720277
2007,"CMR",-1.413896
2007,"COG",-1.846095
2007,"COL",0.1237493
2007,"CRI",0.2004391
2007,"CUB",-0.5750487
2007,"CZE",1.649295
2007,"DEU",2.051894
2007,"DNK",1.214096
2007,"DOM",-0.0801741
2007,"DZA",-1.694696
2007,"ECU",-0.876178
2007,"EGY",-0.4218992
2007,"ESP",0.9910269
2007,"EST",0.8503573
2007,"ETH",-1.055598
2007,"FIN",1.963794
2007,"FRA",1.405096
2007,"GAB",-1.349797
2007,"GBR",1.639795
2007,"GEO",-0.2293897
2007,"GHA",-0.8479381
2007,"GIN",-1.520796
2007,"GRC",0.242029
2007,"GTM",-0.12565
2007,"HKG",0.8380574
2007,"HND",-0.2923196
2007,"HRV",0.9338071
2007,"HUN",1.494996
2007,"IDN",-0.0968101
2007,"IND",0.1736292
2007,"IRL",1.179296
2007,"IRN",-0.8321781
2007,"ISR",1.119097
2007,"ITA",1.381996
2007,"JAM",-0.5838287
2007,"JOR",0.2008491
2007,"JPN",2.338793
2007,"KAZ",-0.5204089
2007,"KEN",-0.497309
2007,"KGZ",-0.1078101
2007,"KHM",-1.022097
2007,"KOR",1.493196
2007,"KWT",-0.1619299
2007,"LAO",-0.8308481
2007,"LBN",0.4368885
2007,"LBR",-1.100397
2007,"LBY",-1.453996
2007,"LKA",-0.3497694
2007,"LTU",0.7609776
2007,"LVA",0.6397979
2007,"MAR",-0.3058295
2007,"MDA",0.3134488
2007,"MDG",-0.6697185
2007,"MEX",1.062997
2007,"MKD",0.0007519
2007,"MLI",-1.431996
2007,"MNG",-1.036997
2007,"MOZ",-1.246597
2007,"MRT",-1.831695
2007,"MUS",-0.3610394
2007,"MWI",-1.092097
2007,"MYS",0.6568679
2007,"NAM",-0.5459388
2007,"NGA",-1.749596
2007,"NIC",-0.7352883
2007,"NLD",1.032997
2007,"NOR",0.7607276
2007,"NZL",0.3634387
2007,"OMN",-0.4365592
2007,"PAK",-0.6510985
2007,"PAN",0.5650181
2007,"PER",-0.5650588
2007,"PHL",0.0004219
2007,"PNG",-1.770895
2007,"POL",1.093797
2007,"PRT",0.7098877
2007,"PRY",-0.5381989
2007,"QAT",-0.2068598
2007,"ROU",0.9045272
2007,"RUS",0.4824983
2007,"SAU",-0.3681594
2007,"SDN",-2.169694
2007,"SEN",-0.3733493
2007,"SGP",1.360196
2007,"SLV",-0.1036301
2007,"SRB",0.6807578
2007,"SVK",1.302196
2007,"SVN",1.532095
2007,"SWE",1.944394
2007,"SYR",-0.3445794
2007,"THA",0.7087377
2007,"TJK",-1.033098
2007,"TKM",-1.242397
2007,"TTO",-0.0898931
2007,"TUN",0.2836289
2007,"TUR",0.3669586
2007,"TZA",-0.8870379
2007,"UGA",-0.6789385
2007,"UKR",0.616758
2007,"URY",0.0165806
2007,"USA",1.427796
2007,"UZB",-0.4514591
2007,"VEN",-0.7390183
2007,"VNM",-0.3127295
2007,"YEM",-1.165497
2007,"ZAF",0.1354993
2007,"ZMB",-0.5796288
2007,"ZWE",-0.4377292
2006,"AGO",-1.790062
2006,"ALB",-0.4991402
2006,"ARE",-0.3815464
2006,"ARG",-0.0939059
2006,"AUS",-0.3708944
2006,"AUT",1.876098
2006,"AZE",-0.7993643
2006,"BEL",1.161981
2006,"BGD",-0.8944895
2006,"BGR",0.4264906
2006,"BIH",0.5050906
2006,"BLR",1.016006
2006,"BOL",-0.9626383
2006,"BRA",0.4355564
2006,"BWA",-1.069721
2006,"CAN",0.7457899
2006,"CHE",2.097672
2006,"CHL",-0.1863164
2006,"CHN",0.8157358
2006,"CIV",-0.9221285
2006,"CMR",-1.464779
2006,"COG",-1.644287
2006,"COL",0.0426336
2006,"CRI",0.1839841
2006,"CUB",0.3600385
2006,"CZE",1.651914
2006,"DEU",2.150982
2006,"DNK",1.20214
2006,"DOM",-0.3957524
2006,"DZA",-1.248425
2006,"ECU",-0.7339463
2006,"EGY",-0.3488876
2006,"ESP",0.9158507
2006,"EST",0.767365
2006,"ETH",-1.231258
2006,"FIN",1.870376
2006,"FRA",1.413875
2006,"GAB",-1.189995
2006,"GBR",1.867464
2006,"GEO",0.0438916
2006,"GHA",-0.9873859
2006,"GIN",-1.502226
2006,"GRC",0.1198512
2006,"GTM",0.004446
2006,"HKG",0.9058512
2006,"HND",-0.2325889
2006,"HRV",0.9523446
2006,"HUN",1.465579
2006,"IDN",-0.0387985
2006,"IND",0.1716957
2006,"IRL",1.437066
2006,"IRN",-0.6294642
2006,"ISR",1.08307
2006,"ITA",1.376628
2006,"JAM",-0.3262985
2006,"JOR",0.0851423
2006,"JPN",2.517929
2006,"KAZ",-0.4515123
2006,"KEN",-0.3272823
2006,"KGZ",-0.3507951
2006,"KHM",-1.115602
2006,"KOR",1.638662
2006,"KWT",-0.4222569
2006,"LAO",-0.9439746
2006,"LBN",0.2401657
2006,"LBR",-1.087491
2006,"LBY",-0.9245079
2006,"LKA",-0.4102094
2006,"LTU",0.6388883
2006,"LVA",0.5521763
2006,"MAR",-0.4275579
2006,"MDA",-0.0616527
2006,"MDG",-0.7492567
2006,"MEX",1.145215
2006,"MKD",-0.2017874
2006,"MLI",-1.237683
2006,"MNG",-1.123332
2006,"MOZ",-1.103152
2006,"MRT",-1.721491
2006,"MUS",-0.2781084
2006,"MWI",-0.900955
2006,"MYS",0.8871174
2006,"NAM",-0.490476
2006,"NGA",-1.543288
2006,"NIC",-0.9546768
2006,"NLD",1.045823
2006,"NOR",0.8017607
2006,"NZL",0.1955397
2006,"OMN",-0.5000237
2006,"PAK",-0.6763893
2006,"PAN",0.6633849
2006,"PER",-0.6290927
2006,"PHL",0.1553713
2006,"PNG",-1.689063
2006,"POL",1.061485
2006,"PRT",0.630455
2006,"PRY",-0.7224409
2006,"QAT",0.0549884
2006,"ROU",0.7011138
2006,"RUS",0.6401533
2006,"SAU",0.0784348
2006,"SDN",-1.922283
2006,"SEN",-0.4803461
2006,"SGP",1.605129
2006,"SLV",-0.1334177
2006,"SVK",1.352131
2006,"SVN",1.583444
2006,"SWE",1.964748
2006,"SYR",-0.4998128
2006,"THA",0.6931323
2006,"TJK",-1.138391
2006,"TKM",-1.309165
2006,"TTO",-0.2342856
2006,"TUN",0.1208451
2006,"TUR",0.2075973
2006,"TZA",-1.100542
2006,"UGA",-0.8754745
2006,"UKR",0.5560516
2006,"URY",-0.0823001
2006,"USA",1.522805
2006,"UZB",-0.68671
2006,"VEN",-0.4387319
2006,"VNM",-0.255178
2006,"YEM",-1.002325
2006,"ZAF",0.1046211
2006,"ZMB",-1.055866
2006,"ZWE",-0.3085886
2005,"AGO",-1.928313
2005,"ALB",-0.3183078
2005,"ARE",-0.2566945
2005,"ARG",0.0431832
2005,"AUS",-0.2546866
2005,"AUT",1.916664
2005,"AZE",-0.9711246
2005,"BEL",1.171121
2005,"BGD",-1.019124
2005,"BGR",0.31953
2005,"BIH",0.4939083
2005,"BLR",1.056469
2005,"BOL",-0.9878306
2005,"BRA",0.4688594
2005,"BWA",-0.8716821
2005,"CAN",0.8681958
2005,"CHE",2.1282
2005,"CHL",-0.2192266
2005,"CHN",0.6759469
2005,"CIV",-0.8640921
2005,"CMR",-1.282263
2005,"COG",-1.492794
2005,"COL",0.0016483
2005,"CRI",0.2127485
2005,"CUB",-0.0332375
2005,"CZE",1.638366
2005,"DEU",2.132015
2005,"DNK",1.278044
2005,"DOM",-0.3484066
2005,"DZA",-1.408662
2005,"ECU",-0.8341138
2005,"EGY",-0.3076256
2005,"ESP",0.929307
2005,"EST",0.8344827
2005,"ETH",-1.183774
2005,"FIN",1.919576
2005,"FRA",1.478535
2005,"GAB",-0.971737
2005,"GBR",1.708442
2005,"GEO",-0.0846956
2005,"GHA",-0.8916007
2005,"GIN",-1.416593
2005,"GRC",0.1575707
2005,"GTM",-0.2104922
2005,"HKG",0.8498634
2005,"HND",-0.2316155
2005,"HRV",0.8355469
2005,"HUN",1.312781
2005,"IDN",-0.0678491
2005,"IND",0.1282851
2005,"IRL",1.444902
2005,"IRN",-0.7384562
2005,"ISR",1.021933
2005,"ITA",1.412976
2005,"JAM",-0.362442
2005,"JOR",0.1471797
2005,"JPN",2.582292
2005,"KAZ",-0.3798306
2005,"KEN",-0.4157624
2005,"KGZ",-0.6131616
2005,"KHM",-1.317602
2005,"KOR",1.664168
2005,"KWT",-0.285177
2005,"LAO",-0.9688155
2005,"LBN",0.2867004
2005,"LBR",-0.4824055
2005,"LBY",-0.9447003
2005,"LKA",-0.4967019
2005,"LTU",0.6829847
2005,"LVA",0.6768003
2005,"MAR",-0.4326089
2005,"MDA",-0.0088689
2005,"MDG",-0.7921381
2005,"MEX",1.167005
2005,"MKD",-0.1794697
2005,"MLI",-1.215198
2005,"MNG",-0.8020372
2005,"MOZ",-1.235378
2005,"MRT",-1.389386
2005,"MUS",-0.2243669
2005,"MWI",-1.301137
2005,"MYS",0.9058042
2005,"NAM",-0.4264747
2005,"NGA",-2.369655
2005,"NIC",-0.7235072
2005,"NLD",1.05175
2005,"NOR",0.7864431
2005,"NZL",0.2742111
2005,"OMN",-0.2638428
2005,"PAK",-0.6783188
2005,"PAN",0.4538803
2005,"PER",-0.5667886
2005,"PHL",0.0800698
2005,"PNG",-1.789666
2005,"POL",0.9668652
2005,"PRT",0.5922063
2005,"PRY",-0.6774755
2005,"QAT",-0.6579886
2005,"ROU",0.6585582
2005,"RUS",0.6223955
2005,"SAU",0.074287
2005,"SDN",-1.456049
2005,"SEN",-0.3046238
2005,"SGP",1.632342
2005,"SLV",-0.1032187
2005,"SVK",1.306958
2005,"SVN",1.626419
2005,"SWE",2.028707
2005,"SYR",-0.6715521
2005,"THA",0.6260298
2005,"TJK",-0.7199733
2005,"TKM",-1.18789
2005,"TTO",-0.1331469
2005,"TUN",-0.0138399
2005,"TUR",0.2616515
2005,"TZA",-1.25114
2005,"UGA",-0.8054004
2005,"UKR",0.5739443
2005,"URY",-0.0374541
2005,"USA",1.586059
2005,"UZB",-0.6958179
2005,"VEN",-0.0050171
2005,"VNM",-0.4727674
2005,"YEM",-1.144218
2005,"ZAF",0.1278032
2005,"ZMB",-0.9800799
2005,"ZWE",-0.7045223
2004,"AGO",-0.952397
2004,"ALB",-0.3204044
2004,"ARE",-0.399928
2004,"ARG",-0.1567991
2004,"AUS",-0.3384255
2004,"AUT",1.893467
2004,"AZE",-0.9247379
2004,"BEL",1.099134
2004,"BGD",-1.053154
2004,"BGR",0.3820561
2004,"BIH",0.6785054
2004,"BLR",1.050241
2004,"BOL",-0.8345121
2004,"BRA",0.3082952
2004,"BWA",-0.8145131
2004,"CAN",0.7053612
2004,"CHE",2.242444
2004,"CHL",-0.274654
2004,"CHN",0.703504
2004,"CIV",-0.855796
2004,"CMR",-1.412472
2004,"COG",-1.458152
2004,"COL",-0.0146475
2004,"CRI",0.2091442
2004,"CUB",-0.2217854
2004,"CZE",1.582039
2004,"DEU",2.247564
2004,"DNK",1.2425
2004,"DOM",-0.3094813
2004,"DZA",-1.233867
2004,"ECU",-0.9721549
2004,"EGY",-0.5184756
2004,"ESP",0.9283006
2004,"EST",0.7091763
2004,"ETH",-1.42733
2004,"FIN",1.978201
2004,"FRA",1.376227
2004,"GAB",-0.7839426
2004,"GBR",1.739159
2004,"GEO",0.0098037
2004,"GHA",-0.898133
2004,"GIN",-0.8916876
2004,"GRC",0.2053793
2004,"GTM",-0.0181473
2004,"HKG",0.9647343
2004,"HND",-0.4158107
2004,"HRV",0.8352636
2004,"HUN",1.31609
2004,"IDN",-0.0799561
2004,"IND",0.1060576
2004,"IRL",1.41759
2004,"IRN",-1.014201
2004,"ISR",1.226436
2004,"ITA",1.446705
2004,"JAM",-0.3033371
2004,"JOR",0.1144105
2004,"JPN",2.718822
2004,"KAZ",-0.5237865
2004,"KEN",-0.4507485
2004,"KGZ",-0.5123013
2004,"KHM",-0.8538885
2004,"KOR",1.63294
2004,"KWT",-0.1174138
2004,"LAO",-1.037091
2004,"LBN",0.1026943
2004,"LBR",-0.2513219
2004,"LBY",-1.252842
2004,"LKA",-0.4871019
2004,"LTU",0.4574635
2004,"LVA",0.6264199
2004,"MAR",-0.449624
2004,"MDA",0.004661
2004,"MDG",-0.8712068
2004,"MEX",1.105459
2004,"MKD",-0.1173335
2004,"MLI",-0.9705887
2004,"MNG",-1.090401
2004,"MOZ",-1.066507
2004,"MRT",-1.777712
2004,"MUS",-0.0671847
2004,"MWI",-1.358961
2004,"MYS",1.030263
2004,"NAM",-0.5148112
2004,"NGA",-2.28943
2004,"NIC",-0.8177661
2004,"NLD",0.9716817
2004,"NOR",0.4568813
2004,"NZL",0.2135415
2004,"OMN",-0.3640465
2004,"PAK",-0.8301449
2004,"PAN",0.4396935
2004,"PER",-0.6733263
2004,"PHL",0.1150832
2004,"PNG",-1.457851
2004,"POL",0.9462513
2004,"PRT",0.7097185
2004,"PRY",-0.7464046
2004,"QAT",-0.1302243
2004,"ROU",0.6440293
2004,"RUS",0.5919037
2004,"SAU",0.0097926
2004,"SDN",-1.811947
2004,"SEN",-0.4050884
2004,"SGP",1.860337
2004,"SLV",0.0093951
2004,"SVK",1.191599
2004,"SVN",1.63294
2004,"SWE",2.075284
2004,"SYR",-0.784555
2004,"THA",0.6749613
2004,"TJK",-0.942749
2004,"TKM",-1.230755
2004,"TTO",-0.152211
2004,"TUN",0.043543
2004,"TUR",0.2167341
2004,"TZA",-1.146824
2004,"UGA",-0.9449778
2004,"UKR",0.5790029
2004,"URY",-0.1836751
2004,"USA",1.614567
2004,"UZB",-0.6614495
2004,"VEN",-0.1716778
2004,"VNM",-0.3866959
2004,"YEM",-1.469998
2004,"ZAF",0.1505731
2004,"ZMB",-0.7172797
2004,"ZWE",-0.5552205
2003,"AGO",-1.666077
2003,"ALB",-0.1099428
2003,"ARE",-0.185471
2003,"ARG",-0.1294397
2003,"AUS",-0.259433
2003,"AUT",1.888055
2003,"AZE",-0.822998
2003,"BEL",1.16731
2003,"BGD",-0.9356929
2003,"BGR",0.4527889
2003,"BIH",0.5281565
2003,"BLR",1.117313
2003,"BOL",-0.6449751
2003,"BRA",0.4020486
2003,"BWA",-0.1306746
2003,"CAN",0.8096981
2003,"CHE",2.263739
2003,"CHL",-0.2585093
2003,"CHN",0.5788768
2003,"CIV",-0.7551401
2003,"CMR",-0.8040633
2003,"COG",-1.567688
2003,"COL",-0.0479319
2003,"CRI",0.0585324
2003,"CUB",-0.7679908
2003,"CZE",1.639072
2003,"DEU",2.224383
2003,"DNK",1.335072
2003,"DOM",-0.2458995
2003,"DZA",-1.437474
2003,"ECU",-0.822737
2003,"EGY",-0.4289121
2003,"ESP",0.9580137
2003,"EST",0.68101
2003,"ETH",-1.330753
2003,"FIN",1.888357
2003,"FRA",1.543395
2003,"GAB",-0.2977543
2003,"GBR",1.831934
2003,"GEO",-0.0581443
2003,"GHA",-1.107973
2003,"GIN",-1.765067
2003,"GRC",0.204318
2003,"GTM",-0.0873807
2003,"HKG",0.8899047
2003,"HND",-0.3985321
2003,"HRV",0.7768283
2003,"HUN",1.237186
2003,"IDN",0.0062909
2003,"IND",0.2548575
2003,"IRL",1.496108
2003,"IRN",-0.986122
2003,"ISR",1.264694
2003,"ITA",1.505043
2003,"JAM",-0.5182247
2003,"JOR",-0.0575138
2003,"JPN",2.664019
2003,"KAZ",-0.3815451
2003,"KEN",-0.3357543
2003,"KGZ",-0.4650548
2003,"KHM",-0.6261308
2003,"KOR",1.502533
2003,"KWT",-0.7298
2003,"LAO",-1.073738
2003,"LBN",0.0600675
2003,"LBR",-0.1433547
2003,"LBY",-0.9320485
2003,"LKA",-0.4889089
2003,"LTU",0.4532608
2003,"LVA",0.7111189
2003,"MAR",-0.5443479
2003,"MDA",-0.0425166
2003,"MDG",-0.9793954
2003,"MEX",1.112293
2003,"MKD",-0.148515
2003,"MLI",-1.592486
2003,"MNG",-0.9755101
2003,"MOZ",-0.641632
2003,"MRT",-0.6657572
2003,"MUS",-0.2257098
2003,"MWI",-1.514478
2003,"MYS",0.9529537
2003,"NAM",-0.0715201
2003,"NGA",-1.486568
2003,"NIC",-0.6904446
2003,"NLD",1.112594
2003,"NOR",0.4933993
2003,"NZL",0.2280617
2003,"OMN",-1.027656
2003,"PAK",-0.7852589
2003,"PAN",0.5191309
2003,"PER",-0.7272801
2003,"PHL",-0.1525209
2003,"PNG",-1.236882
2003,"POL",0.9383861
2003,"PRT",0.7276341
2003,"PRY",-0.9225008
2003,"QAT",-0.6838285
2003,"ROU",0.5539082
2003,"RUS",0.6996837
2003,"SAU",-0.1579523
2003,"SDN",-1.468798
2003,"SEN",-0.2994509
2003,"SGP",1.616483
2003,"SLV",-0.0184345
2003,"SVK",1.32694
2003,"SVN",1.57251
2003,"SWE",2.087443
2003,"SYR",-0.9729198
2003,"THA",0.5657449
2003,"TJK",-0.9247798
2003,"TKM",-1.386473
2003,"TTO",-0.1939745
2003,"TUN",-0.0585137
2003,"TUR",0.1107385
2003,"TZA",-1.384465
2003,"UGA",-0.9944448
2003,"UKR",0.807911
2003,"URY",-0.1481235
2003,"USA",1.678629
2003,"UZB",-0.723977
2003,"VEN",-0.2675349
2003,"VNM",-0.4265829
2003,"YEM",-1.784745
2003,"ZAF",0.1581658
2003,"ZMB",-1.103455
2003,"ZWE",-0.422316
2002,"AGO",-1.985488
2002,"ALB",-0.2495538
2002,"ARE",-0.2597955
2002,"ARG",-0.0291209
2002,"AUS",-0.278447
2002,"AUT",1.789764
2002,"AZE",-0.6683493
2002,"BEL",1.181842
2002,"BGD",-0.840535
2002,"BGR",0.4755104
2002,"BIH",0.4557456
2002,"BLR",1.168989
2002,"BOL",-0.8411118
2002,"BRA",0.4259617
2002,"CAN",0.7698979
2002,"CHE",2.054611
2002,"CHL",-0.1658696
2002,"CHN",0.6637974
2002,"CIV",-0.8533067
2002,"CMR",-1.316945
2002,"COG",-1.738756
2002,"COL",0.1651835
2002,"CRI",0.0061437
2002,"CUB",-0.9122469
2002,"CZE",1.618429
2002,"DEU",2.15217
2002,"DNK",1.318465
2002,"DOM",-0.2666671
2002,"DZA",-0.8228448
2002,"ECU",-1.068898
2002,"EGY",-0.5149165
2002,"ESP",1.049874
2002,"EST",0.8562235
2002,"ETH",-1.58331
2002,"FIN",1.893699
2002,"FRA",1.548802
2002,"GAB",-1.415111
2002,"GBR",1.79361
2002,"GEO",0.0629226
2002,"GHA",-1.301259
2002,"GIN",-1.484637
2002,"GRC",0.2455483
2002,"GTM",-0.2845698
2002,"HKG",1.189432
2002,"HND",-0.5650217
2002,"HRV",0.9625264
2002,"HUN",1.195808
2002,"IDN",0.0184796
2002,"IND",0.2351245
2002,"IRL",1.608511
2002,"IRN",-1.038133
2002,"ISR",1.160488
2002,"ITA",1.448308
2002,"JAM",-0.5053529
2002,"JOR",0.5274272
2002,"JPN",2.637638
2002,"KAZ",-0.3966514
2002,"KEN",-0.4258887
2002,"KGZ",-0.3892029
2002,"KHM",-0.2891947
2002,"KOR",1.458124
2002,"KWT",-0.6987404
2002,"LAO",-0.9734946
2002,"LBN",0.2537558
2002,"LBR",-0.5254213
2002,"LBY",-0.9883612
2002,"LKA",-0.3962263
2002,"LTU",0.4901746
2002,"LVA",0.7188312
2002,"MAR",-0.3698125
2002,"MDA",-0.0531524
2002,"MDG",-1.006385
2002,"MEX",1.090355
2002,"MKD",-0.0705683
2002,"MLI",-0.9136334
2002,"MNG",-0.8701468
2002,"MOZ",-0.7671835
2002,"MRT",-0.9674124
2002,"MUS",-0.2833959
2002,"MWI",-1.49496
2002,"MYS",1.002461
2002,"NGA",-1.36026
2002,"NIC",-0.3663514
2002,"NLD",1.085295
2002,"NOR",0.5190071
2002,"NZL",0.2974044
2002,"OMN",-0.92934
2002,"PAK",-0.6634916
2002,"PAN",-0.2631959
2002,"PER",-0.6107146
2002,"PHL",-0.1175454
2002,"PNG",-1.442031
2002,"POL",1.036515
2002,"PRT",0.7340115
2002,"PRY",-0.8745592
2002,"QAT",-0.8510499
2002,"ROU",0.6409863
2002,"RUS",0.7185984
2002,"SAU",0.1678958
2002,"SDN",-1.431911
2002,"SEN",-0.3079982
2002,"SGP",1.518137
2002,"SLV",-0.0182467
2002,"SVK",1.320793
2002,"SVN",1.471382
2002,"SWE",1.986907
2002,"SYR",-1.044711
2002,"THA",0.5676551
2002,"TJK",-1.02781
2002,"TKM",-1.256021
2002,"TTO",-0.1847033
2002,"TUN",0.1358349
2002,"TUR",0.0974245
2002,"TZA",-1.446079
2002,"UGA",-1.250253
2002,"UKR",0.6470281
2002,"URY",-0.2217333
2002,"USA",1.650712
2002,"UZB",-0.801825
2002,"VEN",-0.0428146
2002,"VNM",-0.4447529
2002,"YEM",-1.341841
2002,"ZAF",0.0527204
2002,"ZMB",-0.8445224
2002,"ZWE",-0.329109
2001,"AGO",-2.039028
2001,"ALB",-0.2638945
2001,"ARE",-0.2678414
2001,"ARG",0.0075085
2001,"AUS",-0.2765144
2001,"AUT",1.727833
2001,"AZE",-0.8230893
2001,"BEL",1.238012
2001,"BGD",-0.6322516
2001,"BGR",0.4684984
2001,"BIH",0.44844
2001,"BLR",1.027207
2001,"BOL",-0.6949871
2001,"BRA",0.5132097
2001,"CAN",0.7448522
2001,"CHE",2.1122
2001,"CHL",-0.0882959
2001,"CHN",0.5522233
2001,"CIV",-0.7510837
2001,"CMR",-1.550928
2001,"COG",-1.451648
2001,"COL",0.2279905
2001,"CRI",-0.1107548
2001,"CUB",-0.9175113
2001,"CZE",1.526237
2001,"DEU",2.092365
2001,"DNK",1.316343
2001,"DOM",-0.9312242
2001,"DZA",-0.9776255
2001,"ECU",-0.955948
2001,"EGY",-0.5657615
2001,"ESP",1.082363
2001,"EST",0.726484
2001,"ETH",-1.244892
2001,"FIN",1.872046
2001,"FRA",1.486465
2001,"GAB",-1.624806
2001,"GBR",1.898157
2001,"GEO",-0.0727987
2001,"GHA",-0.8951859
2001,"GIN",-1.092379
2001,"GRC",0.1548818
2001,"GTM",-0.1724377
2001,"HKG",1.240239
2001,"HND",-0.7909271
2001,"HRV",0.8100874
2001,"HUN",1.059592
2001,"IDN",0.0445649
2001,"IND",0.3008564
2001,"IRL",1.616004
2001,"IRN",-1.102398
2001,"ISR",1.214331
2001,"ITA",1.488084
2001,"JAM",-0.6840268
2001,"JOR",0.5736681
2001,"JPN",2.695532
2001,"KAZ",-0.3264782
2001,"KEN",-0.5033398
2001,"KGZ",-0.178439
2001,"KHM",-0.6512271
2001,"KOR",1.393257
2001,"KWT",-0.760536
2001,"LAO",-0.7502335
2001,"LBN",0.195049
2001,"LBR",-0.4396327
2001,"LBY",-1.182146
2001,"LKA",-0.4313746
2001,"LTU",0.5190288
2001,"LVA",0.5476996
2001,"MAR",-0.4752257
2001,"MDA",-0.0764835
2001,"MDG",-0.9229458
2001,"MEX",1.116367
2001,"MKD",0.0593273
2001,"MLI",-0.6119301
2001,"MNG",-0.7992257
2001,"MOZ",-1.031658
2001,"MRT",-1.219894
2001,"MUS",-0.2557679
2001,"MWI",-1.201779
2001,"MYS",0.9516091
2001,"NGA",-2.13092
2001,"NIC",-0.6378582
2001,"NLD",1.127297
2001,"NOR",0.4590967
2001,"NZL",0.1213129
2001,"OMN",-0.5796869
2001,"PAK",-0.5849697
2001,"PAN",0.467628
2001,"PER",-0.4722503
2001,"PHL",-0.0667033
2001,"PNG",-1.166156
2001,"POL",1.040161
2001,"PRT",0.8152589
2001,"PRY",-0.8578625
2001,"QAT",-0.4925415
2001,"ROU",0.6502178
2001,"RUS",0.5226924
2001,"SAU",0.1033696
2001,"SDN",-1.868603
2001,"SEN",-0.3677384
2001,"SGP",1.439608
2001,"SLV",0.0843264
2001,"SVK",1.303693
2001,"SVN",1.469361
2001,"SWE",1.943394
2001,"SYR",-1.033277
2001,"THA",0.5624245
2001,"TJK",-0.6928113
2001,"TKM",-1.248636
2001,"TTO",0.1828339
2001,"TUN",0.2542627
2001,"TUR",0.1932881
2001,"TZA",-1.369371
2001,"UGA",-1.23639
2001,"UKR",0.6333472
2001,"URY",0.0642599
2001,"USA",1.683101
2001,"UZB",-0.5954341
2001,"VEN",-0.0843247
2001,"VNM",-0.4582135
2001,"YEM",-1.297112
2001,"ZAF",0.0444242
2001,"ZMB",-1.071329
2001,"ZWE",-1.105232
2000,"AGO",-1.563874
2000,"ALB",-0.2210057
2000,"ARE",-0.2636927
2000,"ARG",0.3419097
2000,"AUS",0.1342231
2000,"AUT",1.68916
2000,"AZE",-0.1050486
2000,"BEL",1.570349
2000,"BGD",-1.034183
2000,"BGR",0.4880149
2000,"BIH",0.19964
2000,"BLR",0.5972927
2000,"BOL",-0.7183726
2000,"BRA",0.7278027
2000,"CAN",1.112006
2000,"CHE",2.122608
2000,"CHL",0.240556
2000,"CHN",0.2644497
2000,"CIV",-1.199446
2000,"CMR",-1.862521
2000,"COG",-1.181533
2000,"COL",0.2856009
2000,"CRI",-0.6642701
2000,"CUB",-0.9378189
2000,"CZE",1.552335
2000,"DEU",2.255284
2000,"DNK",1.562455
2000,"DOM",-0.6611835
2000,"DZA",-0.5167987
2000,"ECU",-0.7374694
2000,"EGY",-0.1447703
2000,"ESP",1.176977
2000,"EST",0.3464334
2000,"ETH",-1.130629
2000,"FIN",1.883468
2000,"FRA",1.659204
2000,"GAB",-0.4667746
2000,"GBR",1.960078
2000,"GEO",0.5612648
2000,"GHA",-1.085897
2000,"GIN",-1.39932
2000,"GRC",0.3525865
2000,"GTM",-0.9856976
2000,"HKG",0.5653837
2000,"HND",-1.215537
2000,"HRV",0.6929792
2000,"HUN",1.088223
2000,"IDN",-0.0465448
2000,"IND",0.152905
2000,"IRL",1.572576
2000,"IRN",-0.5993491
2000,"ISR",1.251259
2000,"ITA",1.478863
2000,"JAM",-0.8109319
2000,"JOR",0.4667119
2000,"JPN",2.351931
2000,"KAZ",0.0138728
2000,"KEN",-0.9900593
2000,"KGZ",-0.0600967
2000,"KHM",-1.260977
2000,"KOR",1.091765
2000,"KWT",-0.5987116
2000,"LAO",-1.13154
2000,"LBN",0.0120076
2000,"LBR",-0.9734319
2000,"LBY",-0.6255199
2000,"LKA",-0.6861095
2000,"LTU",0.1436045
2000,"LVA",0.1002294
2000,"MAR",-0.5767608
2000,"MDA",0.1674781
2000,"MDG",-1.395069
2000,"MEX",0.8696574
2000,"MKD",-0.2254181
2000,"MLI",-0.420333
2000,"MNG",-0.8457859
2000,"MOZ",-0.1983163
2000,"MRT",-0.9773484
2000,"MUS",-0.9378695
2000,"MWI",-1.883571
2000,"MYS",0.6140315
2000,"NGA",-1.404279
2000,"NIC",-1.320585
2000,"NLD",1.371083
2000,"NOR",0.8586568
2000,"NZL",0.5878
2000,"OMN",-0.2086793
2000,"PAK",-0.7958224
2000,"PAN",-0.2429665
2000,"PER",-0.2379571
2000,"PHL",-0.1760721
2000,"PNG",-1.368251
2000,"POL",1.031854
2000,"PRT",0.6093155
2000,"PRY",-0.4524849
2000,"QAT",-0.405426
2000,"ROU",0.5784792
2000,"RUS",0.8281748
2000,"SAU",0.2423978
2000,"SDN",-1.390616
2000,"SEN",-1.049566
2000,"SGP",1.397091
2000,"SLV",-0.8439237
2000,"SVK",1.43909
2000,"SVN",1.388388
2000,"SWE",2.038003
2000,"SYR",-1.03894
2000,"THA",0.323835
2000,"TJK",-0.5732491
2000,"TKM",-0.6835086
2000,"TTO",-0.0236306
2000,"TUN",0.0161367
2000,"TUR",0.2123409
2000,"TZA",-1.355702
2000,"UGA",-1.48686
2000,"UKR",0.7344112
2000,"URY",0.3634758
2000,"USA",1.942469
2000,"UZB",-0.4303723
2000,"VEN",0.0836191
2000,"VNM",-0.7155289
2000,"YEM",-1.333943
2000,"ZAF",0.4386384
2000,"ZMB",-0.7933531
2000,"ZWE",-0.5311289
